﻿<?xml version="1.0" encoding="utf-8" ?>
<localizationDictionary culture="tr">
  <texts>
    <text name="HomePage" value="Ana Sayfa" />
    <text name="About" value="Hakkında" />
    <text name="WellcomeMessage" value="EventCloud projesine hoşgeldiniz!" />
    <text name="Home_ThisIsATemplate" value="Bu proje şablonu, aşağıdaki teknolojileri kullanarak bir web uygulaması geliştirmek için başlangıç noktasıdır:" />
    <text name="Home_AspNetDescription" value="ASP.NET MVC, tasarım desenlerine uygun, kavramların birbirinden net bir şekilde ayırıldığı, size HTML üzerinde tam kontrol sunan, eğlenceli, çevik ve dinamik bir web framework'üdür." />
    <text name="Home_AspNetBoilerplateDescription" value="ASP.NET Boilerplate, en iyi teknikler ve araçlar kullanarak web uygulamaları geliştirmek için bir framework'dür." />
    <text name="LearnMore" value="Daha fazlası" />
    <text name="Home_AngularDescription" value="AngularJs, Google'ın geliştirdiği Single-Page Application framework'üdür. HTML etiketlerine yenilerini eklemeyi sağlar. Sonuçta, daha hızlı, etkileyici ve okunabilir bir kod tabanına sahip uygulamalar geliştirilmesini sağlar." />
    <text name="AboutFormat" value="{0} Hakkında" />
    <text name="About_AspNetBoilerplateDescription" value="ASP.NET Boilerplate, en iyi teknikler ve araçlar kullanarak web uygulamaları geliştirmek için bir başlangıç noktasıdır! ASP.NET Boilerplate &lt;strong&gt;Katmanlı Mimari&lt;/strong&gt; ve &lt;strong&gt;Domain Driven Design (DDD)&lt;/strong&gt; teknikleri kullanarak uygulama geliştirme için temel altyapıyı sağlar." />
    <text name="ForMoreInformation" value="Daha fazla bilgi için" />

    <text name="FormIsNotValidMessage" value="Form geçerli değil. Lütfen kontrol edip hataları düzeltin." />
    <text name="TenantNameCanNotBeEmpty" value="Müşteri adı boş bırakılamaz." />

    <text name="InvalidUserNameOrPassword" value="Kullanıcı adı ya da şifre hatalı." />
    <text name="ThereIsNoTenantDefinedWithName{0}" value="{0} isminde bir müşteri tanımlı değildir." />
    <text name="TenantIsNotActive" value="{0} isimli müşteri aktif edilmemiştir." />
    <text name="UserIsNotActiveAndCanNotLogin" value="{0} isimli kullanıcı pasife alınmıştır ve sisteme giremez." />
    <text name="PleaseEnterLoginInformation" value="Lütfen giriş bilgilerinizi girin" />
    <text name="TenancyName" value="Müşteri adı" />
    <text name="UserNameOrEmail" value="Kullanıcı adı ya da e-posta" />
    <text name="Password" value="Şifre" />
    <text name="RememberMe" value="Beni hatırla" />
    <text name="LogIn" value="Giriş" />

    <text name="LoginFailed" value="Giriş başarısız!" />
    
    <text name="NameSurname" value="Ad soyad" />
    <text name="UserName" value="Kullanıcı adı" />
    <text name="Name" value="Ad" />
    <text name="Surname" value="Soyad" />
    <text name="EmailAddress" value="E-posta adresi" />

    <text name="Events" value="Etkinlikler" />
    <text name="NewEvent" value="Yeni etkinlik" />
    <text name="ShowCanceledEvents" value="İptal edilmiş etkinlikleri de göster." />
    <text name="ThisEventIsCanceled" value="Bu etkinlik iptal edilmiş." />
    <text name="Details" value="Ayrıntılar" />
    <text name="XofYregistered" value="{1} kapasitenin {0} adedi için kayıt yapılmış." />
    <text name="XregisteredNoNewRegistrationAvailable" value="{0} kayıt yapıldı. Yeni kayıt yapılamaz." />
    <text name="XregisteredUnlimitedRegistrations" value="{0} kayıt yapıldı. Sınırsız kayıt yapılabilir." />
    <text name="BackToEvents" value="Etkinliklere geri dön" />
    <text name="Register" value="Kaydol" />
    <text name="CancelRegistration" value="Kaydını iptal et" />
    <text name="CancelTheEvent" value="Etkinliği iptal et" />
    <text name="XregisteredOfYAvailableRegistration" value="{0} kayıt yapılmış (en fazla {1} kayıt yapılabilir)." />
    <text name="Title" value="Başlık" />
    <text name="Description" value="Açıklama" />
    <text name="Date" value="Tarih" />
    <text name="MaxRegistrationCount" value="En fazla kayıt sayısı" />
    <text name="Unlimited" value="Sınırsız" />
    <text name="Cancel" value="İptal" />
    <text name="Save" value="Kaydet" />
    <text name="AboutTheCloudEvent" value="Cloud Event Hakkında" />
    <text name="CloudEventDescription" value="Bu, ASP.NET Boilerplate framework ile geliştirilmiş çok-müşterili (SaaS) örnek bir uygulamadır." />
    <text name="SomeStatistics" value="Bazı İstatistikler" />
    <text name="StatisticsNote" value="Not: Bu istatistikler tüm müşterileri içerir, sadece şu anki müşteri değil." />
    <text name="Links" value="Bağlantılar" />
    <text name="SourceCodeOfThisApplication" value="Bu uygulamanın kaynak kodu" />
    <text name="AbpOfficialWebSite" value="ASP.NET Boilerplate resmi web sitesi" />
    <text name="OfficialForum" value="Resmi forum" />
    <text name="Logout" value="Çıkış" />
    <text name="Tenants" value="Müşteriler" />
    <text name="Users" value="Kullanıcılar" />
    <text name="Registrations" value="Kayıtlar" />
    <text name="OrLoginWith" value="Ya da şununla gir" />
    <text name="BecomeATenant" value="MÜŞTERİ OL" />
    <text name="BecomeATenantHint" value="Bir müşterinin kendine ait kullanıcıları ve etkinlikleri olur. Tamamen ücretsiz!" />
    <text name="AdminPassword" value="Yönetici (admin) şifresi" />
    <text name="CreateTheTenant" value="Müşteriyi oluştur" />

  </texts>
</localizationDictionary>