﻿<?xml version="1.0" encoding="utf-8" ?>
<localizationDictionary culture="en">
  <texts>
    <text name="HomePage" value="Home page" />
    <text name="About" value="About" />
    <text name="WellcomeMessage" value="Welcome to EventCloud!" />
    <text name="Home_ThisIsATemplate" value="This project template is a starting point to develop web applicatins using..." />
    <text name="Home_AspNetDescription" value="ASP.NET MVC gives you a powerful, patterns-based way to build dynamic websites that enables a clean separation of concerns and that gives you full control over markup for enjoyable, agile development." />
    <text name="Home_AspNetBoilerplateDescription" value="ASP.NET Boilerplate is a framework to build web based applications with best practices and most popular tools." />
    <text name="LearnMore" value="Learn more" />
    <text name="Home_AngularDescription" value="AngularJs is a Single-Page Application framework by Google. It lets you extend HTML vocabulary for your application. The resulting environment is extraordinarily expressive, readable, and quick to develop." />
    <text name="AboutFormat" value="About {0}" />
    <text name="About_AspNetBoilerplateDescription" value="ASP.NET Boilerplate is a starting point for new web applications with best practices and most popular tools! ASP.NET Boilerplate provides an infrastructure for &lt;strong&gt;NLayer architecture&lt;/strong&gt; and &lt;strong&gt;Domain Driven Design&lt;/strong&gt;." />
    <text name="ForMoreInformation" value="For more information" />
    
    <text name="FormIsNotValidMessage" value="Form is not valid. Please check and fix errors." />
    <text name="TenantNameCanNotBeEmpty" value="Tenant name can not be empty" />

    <text name="InvalidUserNameOrPassword" value="Invalid user name or password" />
    <text name="ThereIsNoTenantDefinedWithName{0}" value="There is no tenant defined with name {0}" />
    <text name="TenantIsNotActive" value="Tenant {0} is not active." />
    <text name="UserIsNotActiveAndCanNotLogin" value="User {0} is not active and can not log in." />
    <text name="PleaseEnterLoginInformation" value="Please enter login information" />
    <text name="TenancyName" value="Tenancy name" />
    <text name="UserNameOrEmail" value="User name or email" />
    <text name="Password" value="Password" />
    <text name="RememberMe" value="Remember me" />
    <text name="LogIn" value="Log in" />
    
    <text name="LoginFailed" value="Login failed!" />

    <text name="NameSurname" value="Name surname" />
    <text name="UserName" value="User name" />
    <text name="Name" value="Name" />
    <text name="Surname" value="Surname" />
    <text name="EmailAddress" value="Email address" />

    <text name="Events" value="Events" />
    <text name="NewEvent" value="New event" />
    <text name="ShowCanceledEvents" value="Show canceled events" />
    <text name="ThisEventIsCanceled" value="This event is canceled" />
    <text name="Details" value="Details" />
    <text name="XofYregistered" value="{0} of {1} registered" />
    <text name="XregisteredNoNewRegistrationAvailable" value="{0} registered. No new registration available." />
    <text name="XregisteredUnlimitedRegistrations" value="{0} registered. Unlimited registrations." />
    <text name="BackToEvents" value="Back to events" />
    <text name="Register" value="Register" />
    <text name="CancelRegistration" value="Cancel registration" />
    <text name="CancelTheEvent" value="Cancel the event" />
    <text name="XregisteredOfYAvailableRegistration" value="{0} registered users (of {1} available registrations)" />
    <text name="Title" value="Title" />
    <text name="Description" value="Description" />
    <text name="Date" value="Date" />
    <text name="MaxRegistrationCount" value="Max registration count" />
    <text name="Unlimited" value="Unlimited" />
    <text name="Cancel" value="Cancel" />
    <text name="Save" value="Save" />
    <text name="AboutTheCloudEvent" value="About the Cloud Event" />
    <text name="CloudEventDescription" value="This is an example multi-tenant application built using ASP.NET Boilerplate framework." />
    <text name="SomeStatistics" value="Some Statistics" />
    <text name="StatisticsNote" value="Note: These statistics include all tenants, not only current tenant." />
    <text name="Links" value="Links" />
    <text name="SourceCodeOfThisApplication" value="Source code of this application" />
    <text name="AbpOfficialWebSite" value="ASP.NET Boilerplate official web site" />
    <text name="OfficialForum" value="Official forum" />
    <text name="Logout" value="Logout" />
    <text name="Tenants" value="Tenants" />
    <text name="Users" value="Users" />
    <text name="Registrations" value="Registrations" />
    <text name="OrLoginWith" value="Or login with" />
    <text name="BecomeATenant" value="BECOME A TENANT" />
    <text name="BecomeATenantHint" value="A tenant can have its own users and events. It's free!" />
    <text name="AdminPassword" value="Admin password" />
    <text name="CreateTheTenant" value="Create the tenant" />

  </texts>
</localizationDictionary>
