﻿<?xml version="1.0" encoding="utf-8" ?>
<localizationDictionary culture="tr">
  <texts>
    <text name="HomePage" value="Ana Sayfa" />
    <text name="About" value="Hakkında" />
    <text name="WellcomeMessage" value="EventCloud projesine hoşgeldiniz!" />

    <text name="FormIsNotValidMessage" value="Form geçerli değil. Lütfen kontrol edip hataları düzeltin." />
    <text name="TenantNameCanNotBeEmpty" value="Müşteri adı boş bırakılamaz." />

    <text name="InvalidUserNameOrPassword" value="Kullanıcı adı ya da şifre hatalı." />
    <text name="ThereIsNoTenantDefinedWithName{0}" value="{0} isminde bir müşteri tanımlı değildir." />
    <text name="TenantIsNotActive" value="{0} isimli müşteri aktif edilmemiştir." />
    <text name="UserIsNotActiveAndCanNotLogin" value="{0} isimli kullanıcı pasife alınmıştır ve sisteme giremez." />
    <text name="UserEmailIsNotConfirmedAndCanNotLogin">E-posta adresiniz doğrulanmadı, giriş yapamazsınız.</text>
    <text name="UserLockedOutMessage">Kullanıcı hesabı kilitlenmiş. Lütfen bir süre sonra tekrar deneyin.</text>
    <text name="PleaseEnterLoginInformation" value="Lütfen giriş bilgilerinizi girin" />
    <text name="TenancyName" value="Müşteri adı" />
    <text name="UserNameOrEmail" value="Kullanıcı adı ya da e-posta" />
    <text name="Password" value="Şifre" />
    <text name="RememberMe" value="Beni hatırla" />
    <text name="LogIn" value="Giriş" />

    <text name="LoginFailed" value="Giriş başarısız!" />

    <text name="NameSurname" value="Ad soyad" />
    <text name="UserName" value="Kullanıcı adı" />
    <text name="Name" value="İsim" />
    <text name="Surname" value="Soyisim" />
    <text name="EmailAddress" value="E-posta adresi" />

    <text name="Tenants" value="Müşteriler" />
    <text name="SavedSuccessfully" value="Başarıyla kaydedildi" />
    <text name="CreateNewTenant" value="Yeni müşteri oluştur" />
    <text name="AdminEmailAddress" value="Yönetici e-posta adresi" />
    <text name="Save" value="Kaydet" />
    <text name="Cancel" value="İptal" />
    <text name="TenantName_Regex_Description" value="Müşteri adı en az 2 karakter olmalı, bir harfle başlamalı ve harf, rakam, tire ya da alt çizgi ile devam etmelidir." />
    <text name="DefaultPasswordIs" value="Varsayılan şifre {0}" />
    <text name="CanBeEmptyToLoginAsHost" value="Host olarak giriş yapmak için boş bırakılabilir." />
    <text name="Register" value="Kayıt ol" />
    <text name="OrLoginWith" value="Ya da şununla giriş yap" />
    <text name="WaitingForActivationMessage" value="Hesabınız sistem yöneticisi tarafından etkinleştirilmek için bekliyor." />
    <text name="TenantSelection" value="Müşteri seçimi" />
    <text name="TenantSelection_Detail" value="Lütfen aşağıdaki müşterilerden birisini seçin." />
    <text name="Logout" value="Çıkış" />

    <text name="RegisterFormUserNameInvalidMessage">Lütfen kullanıcı adı alanına e-posta adresi girmeyin.</text>

    <text name="DatabaseConnectionString" value="Veritabanı bağlantı cümlesi" />
    <text name="Users" value="Kullanıcılar" />
    <text name="IsActive" value="Etkin mi" />
    <text name="FullName" value="Tam adı" />
    <text name="CreateNewUser" value="Yeni kullanıcı oluştur" />
    <text name="Yes" value="Evet" />
    <text name="No" value="Hayır" />
    <text name="Optional" value="Opsiyonel" />
    <text name="LeaveEmptyToSwitchToHost">Üst kullanıcıya geçiş için boş değer girin.</text>

    <text name="CurrentTenant">Geçerli müşteri</text>
    <text name="NotSelected">Seçilmemiş</text>
    <text name="Change">Değiştir</text>
    <text name="ChangeTenant">Müşteri değiştir</text>

    <text name="MultiLevelMenu">Çok Seviyeli Menü</text>
    <text name="Back">Geri</text>
    <text name="SuccessfullyRegistered">Başarıyla kayıt olundu</text>
    <text name="WaitingForEmailActivation">E-posta adresiniz etkinleştirilmeli.</text>
    <text name="Roles">Roller</text>
    <text name="DisplayName">Görünen ad</text>

    <text name="Edit">Düzenle</text>
    <text name="Delete">Sil</text>

    <text name="CreateNewRole">Yeni rol oluştur</text>
    <text name="RoleName">Rol adı</text>
    <text name="Actions">İşlemler</text>

      <text name="Events" value="Etkinlikler" />
      <text name="NewEvent" value="Yeni etkinlik" />
      <text name="ShowCanceledEvents" value="İptal edilen etkinlikler" />
      <text name="ThisEventIsCanceled" value="Bu etkinlik iptal edildi" />
      <text name="Details" value="Detaylar" />
      <text name="XofYregistered" value="{1} de {0} kayıt" />
      <text name="XregisteredNoNewRegistrationAvailable" value="{0} kayıt. Yeni kayıt alınmıyor." />
      <text name="XregisteredUnlimitedRegistrations" value="{0} kayıt. Limitsiz kayıt." />
      <text name="BackToEvents" value="Etkinliklere dön" />
      <text name="CancelRegistration" value="Kaydı iptal et" />
      <text name="CancelTheEvent" value="Etkinliği iptal et" />
      <text name="XregisteredOfYAvailableRegistration" value="{0} kayıtlı kullanıcı (toplam kontenjan {1})" />
      <text name="Title" value="Başlık" />
      <text name="Description" value="Açıklama" />
      <text name="Date" value="Tarih" />
      <text name="MaxRegistrationCount" value="Maks kayıt sayısı" />
      <text name="Unlimited" value="Limitsiz" />
      <text name="AboutTheCloudEvent" value="Cloud etkinliği hakkında" />
      <text name="CloudEventDescription" value="Bu, ASP.NET Boilerplate framework kullanılarak geliştirilmiş bir multi-tenant uygulamadır." />
      <text name="SomeStatistics" value="Bazı istatistikler" />
      <text name="StatisticsNote" value="Not: Bu istetistikler tüm müşteriler içindir." />
      <text name="Links" value="Linkler" />
      <text name="SourceCodeOfThisApplication" value="Bu uygulamanın kaynak kodu" />
      <text name="AbpOfficialWebSite" value="ASP.NET Boilerplate resmi web sitesi" />
      <text name="OfficialForum" value="Resmi forum" />
      <text name="Registrations" value="Kayıtlar" />
      <text name="BecomeATenant" value="MÜŞTERİ OL" />
      <text name="BecomeATenantHint" value="Müşterilerin kendi kullanıcıları ve etkinlikleri olabilir. Ücretsiz!" />
      <text name="AdminPassword" value="Admin şifre" />
      <text name="CreateTheTenant" value="Müşteri oluştur" />
      <text name="CreationTime" value="Oluşturma tarihi" />
      <text name="NewTenant" value="MÜŞTERİ OL" />
  </texts>
</localizationDictionary>
