﻿<?xml version="1.0" encoding="utf-8" ?>
<localizationDictionary culture="en">
  <texts>
    <text name="HomePage" value="Home page" />
    <text name="About" value="About" />
    <text name="WellcomeMessage" value="Welcome to EventCloud!" />

    <text name="FormIsNotValidMessage" value="Form is not valid. Please check and fix errors." />
    <text name="TenantNameCanNotBeEmpty" value="Tenant name can not be empty" />

    <text name="InvalidUserNameOrPassword" value="Invalid user name or password" />
    <text name="ThereIsNoTenantDefinedWithName{0}" value="There is no tenant defined with name {0}" />
    <text name="TenantIsNotActive" value="Tenant {0} is not active." />
    <text name="UserIsNotActiveAndCanNotLogin" value="User {0} is not active and can not log in." />
    <text name="UserEmailIsNotConfirmedAndCanNotLogin">Your email address is not confirmed. You can not login.</text>
    <text name="UserLockedOutMessage">The user account has been locked out. Please try again later.</text>
    <text name="PleaseEnterLoginInformation" value="Please enter login information" />
    <text name="TenancyName" value="Tenancy name" />
    <text name="UserNameOrEmail" value="User name or email" />
    <text name="Password" value="Password" />
    <text name="RememberMe" value="Remember me" />
    <text name="LogIn" value="Log in" />

    <text name="LoginFailed" value="Login failed!" />

    <text name="NameSurname" value="Name surname" />
    <text name="UserName" value="User name" />
    <text name="Name" value="Name" />
    <text name="Surname" value="Surname" />
    <text name="EmailAddress" value="Email address" />

    <text name="Tenants" value="Tenants" />
    <text name="SavedSuccessfully" value="Saved successfully" />
    <text name="CreateNewTenant" value="Create new tenant" />
    <text name="AdminEmailAddress" value="Admin email address" />
    <text name="Save" value="Save" />
    <text name="Cancel" value="Cancel" />
    <text name="TenantName_Regex_Description" value="Tenant name must be at least 2 chars, starts with a letter and continue with letter, number, dash or underscore." />
    <text name="DefaultPasswordIs" value="Default password is {0}" />
    <text name="CanBeEmptyToLoginAsHost" value="Can be empty to login as host." />
    <text name="Register" value="Register" />
    <text name="OrLoginWith" value="Or login with" />
    <text name="WaitingForActivationMessage" value="Your account is waiting to be activated by system admin." />
    <text name="TenantSelection" value="Tenant Selection" />
    <text name="TenantSelection_Detail" value="Please select one of the following tenants." />
    <text name="Logout" value="Logout" />

    <text name="RegisterFormUserNameInvalidMessage">Please don't enter an email address for username.</text>

    <text name="DatabaseConnectionString" value="Database connection string" />
    <text name="Users" value="Users" />
    <text name="IsActive" value="Is active" />
    <text name="FullName" value="Full name" />
    <text name="CreateNewUser" value="Create new user" />
    <text name="Yes" value="Yes" />
    <text name="No" value="No" />
    <text name="Optional" value="Optional" />
    <text name="LeaveEmptyToSwitchToHost">Leave empty to switch to the host</text>

    <text name="CurrentTenant">Current tenant</text>
    <text name="NotSelected">Not selected</text>
    <text name="Change">Change</text>
    <text name="ChangeTenant">Change tenant</text>

    <text name="MultiLevelMenu">Multi Level Menu</text>
    <text name="Back">Back</text>
    <text name="SuccessfullyRegistered">Successfully registered</text>
    <text name="WaitingForEmailActivation">Your email address should be activated</text>
    <text name="Roles">Roles</text>
    <text name="DisplayName">Display Name</text>

    <text name="Edit">Edit</text>
    <text name="Delete">Delete</text>

    <text name="CreateNewRole">Create new role</text>
    <text name="RoleName">Role Name</text>
    <text name="Actions">Actions</text>

    <text name="CouldNotCompleteLoginOperation">Could not complete login operation. Please try again later.</text>

    <text name="CouldNotValidateExternalUser">Could not validate external user</text>
    <text name="EditRole">Edit role</text>
    <text name="EditTenant">Edit tenant</text>
    <text name="EditUser">Edit user</text>
    <text name="TenantIdIsNotActive{0}">TenantId {0} is not active</text>
    <text name="UnknownTenantId{0}">Unknown tenantId {0}</text>

    <text name="Events" value="Events" />
    <text name="NewEvent" value="New event" />
    <text name="ShowCanceledEvents" value="Show canceled events" />
    <text name="ThisEventIsCanceled" value="This event is canceled" />
    <text name="Details" value="Details" />
    <text name="XofYregistered" value="{0} of {1} registered" />
    <text name="XregisteredNoNewRegistrationAvailable" value="{0} registered. No new registration available." />
    <text name="XregisteredUnlimitedRegistrations" value="{0} registered. Unlimited registrations." />
    <text name="BackToEvents" value="Back to events" />
    <text name="CancelRegistration" value="Cancel registration" />
    <text name="CancelTheEvent" value="Cancel the event" />
    <text name="XregisteredOfYAvailableRegistration" value="{0} registered users (of {1} available registrations)" />
    <text name="Title" value="Title" />
    <text name="Description" value="Description" />
    <text name="Date" value="Date" />
    <text name="MaxRegistrationCount" value="Max registration count" />
    <text name="Unlimited" value="Unlimited" />
    <text name="AboutTheCloudEvent" value="About the Cloud Event" />
    <text name="CloudEventDescription" value="This is an example multi-tenant application built using ASP.NET Boilerplate framework." />
    <text name="SomeStatistics" value="Some Statistics" />
    <text name="StatisticsNote" value="Note: These statistics include all tenants, not only current tenant." />
    <text name="Links" value="Links" />
    <text name="SourceCodeOfThisApplication" value="Source code of this application" />
    <text name="AbpOfficialWebSite" value="ASP.NET Boilerplate official web site" />
    <text name="OfficialForum" value="Official forum" />
    <text name="Registrations" value="Registrations" />
    <text name="BecomeATenant" value="BECOME A TENANT" />
    <text name="BecomeATenantHint" value="A tenant can have its own users and events. It's free!" />
    <text name="AdminPassword" value="Admin password" />
    <text name="CreateTheTenant" value="Create the tenant" />
    <text name="CreationTime" value="Creation time" />
    <text name="NewTenant" value="BECOME A TENANT" />

  </texts>
</localizationDictionary>
